label,ciphertext
c,"ZNKIUTYZOZAZOUTULZNKXKVAHROIULQUXKG"
c,"INGVZKXMKTKXGRVXUBOYOUTY"
c,"ZNKXKVAHROIULQUXKGYNGRRHKGJKSUIXGZOIXKVAHROI"
c,"ZNKYUBKXKOMTZEULZNKXKVAHROIULQUXKGYNGRRXKYOJKOTZNKVKUVRKGTJGRRYZGZKGAZNUXOZEYNGRRKSGTGZKLXUSZNKVKUVRK"
c,"TGZOUTGROZEOTZNKXKVAHROIULQUXKGYNGRRHKVXKYIXOHKJHEGIZ"
c,"OZYNGRRHKZNKJAZEULZNKYZGZKZUVXUZKIZIOZOFKTYXKYOJOTMGHXUGJGYVXKYIXOHKJHEGIZ"
c,"ZNKZKXXOZUXEULZNKXKVAHROIULQUXKGYNGRRIUTYOYZULZNKQUXKGTVKTOTYARGGTJOZYGJPGIKTZOYRGTJYZNKXKVAHROIULQUXKGYNGRRYKKQATOLOIGZOUTGTJYNGRRLUXSARGZKGTJIGXXEUAZGVUROIEULVKGIKLARATOLOIGZOUTHGYKJUTZNKVXOTIOVRKYULLXKKJUSGTJJKSUIXGIE"
c,"ZNKXKVAHROIULQUXKGYNGRRKTJKGBUXZUSGOTZGOTOTZKXTGZOUTGRVKGIKGTJYNGRRXKTUATIKGRRGMMXKYYOBKCGXY"
c,"ZNKGXSKJLUXIKYYNGRRHKINGXMKJCOZNZNKYGIXKJSOYYOUTULTGZOUTGRYKIAXOZEGTJZNKJKLKTYKULZNKRGTJGTJZNKOXVUROZOIGRTKAZXGROZEYNGRRHKSGOTZGOTKJ"
c,"ZXKGZOKYJAREIUTIRAJKJGTJVXUSARMGZKJATJKXZNKIUTYZOZAZOUTGTJZNKMKTKXGRREXKIUMTOFKJXARKYULOTZKXTGZOUTGRRGCYNGRRNGBKZNKYGSKKLLKIZGYZNKJUSKYZOIRGCYULZNKXKVAHROIULQUXKG"
c,"ZNKYZGZAYULGROKTYYNGRRHKMAGXGTZKKJGYVXKYIXOHKJHEOTZKXTGZOUTGRRGCGTJZXKGZOKY"
c,"GRRVAHROIULLOIOGRYYNGRRHKYKXBGTZYULZNKKTZOXKVKUVRKGTJYNGRRHKXKYVUTYOHRKLUXZNKVKUVRK"
c,"ZNKYZGZAYGTJVUROZOIGROSVGXZOGROZEULVAHROIULLOIOGRYYNGRRHKMAGXGTZKKJGYVXKYIXOHKJHEGIZ"
c,"ZNKKYZGHROYNSKTZULVUROZOIGRVGXZOKYYNGRRHKLXKKGTJZNKVRAXGRVGXZEYEYZKSYNGRRHKMAGXGTZKKJ"
c,"VUROZOIGRVGXZOKYYNGRRHKJKSUIXGZOIOTZNKOXUHPKIZOBKYUXMGTOFGZOUTGTJGIZOBOZOKYGTJYNGRRNGBKZNKTKIKYYGXEUXMGTOFGZOUTGRGXXGTMKSKTZYLUXZNKVKUVRKZUVGXZOIOVGZKOTZNKLUXSGZOUTULZNKVUROZOIGRCORR"
c,"VUROZOIGRVGXZOKYYNGRRKTPUEZNKVXUZKIZOUTULZNKYZGZKGTJSGEHKVXUBOJKJCOZNUVKXGZOUTGRLATJYHEZNKYZGZKATJKXZNKIUTJOZOUTYGYVXKYIXOHKJHEGIZ"
c,"OLZNKVAXVUYKYUXGIZOBOZOKYULGVUROZOIGRVGXZEGXKIUTZXGXEZUZNKLATJGSKTZGRJKSUIXGZOIUXJKXZNKMUBKXTSKTZSGEHXOTMGTGIZOUTGMGOTYZOZOTZNKIUTYZOZAZOUTGRIUAXZLUXOZYJOYYURAZOUTGTJZNKVUROZOIGRVGXZEYNGRRHKJOYYURBKJOTGIIUXJGTIKCOZNZNKJKIOYOUTULZNKIUTYZOZAZOUTGRIUAXZ"
c,"ZNKYZGZKYNGRRYZXOBKZUYAYZGOTGTJJKBKRUVZNKIARZAXGRNKXOZGMKGTJZUKTNGTIKTGZOUTGRIARZAXK"
c,"INGVZKXXOMNZYGTJJAZOKYULIOZOFKTY"
c,"GRRIOZOFKTYYNGRRHKGYYAXKJULNASGTJOMTOZEGTJCUXZNGTJNGBKZNKXOMNZZUVAXYAKNGVVOTKYYOZYNGRRHKZNKJAZEULZNKYZGZKZUIUTLOXSGTJMAGXGTZKKZNKLATJGSKTZGRGTJOTBOURGHRKNASGTXOMNZYULOTJOBOJAGRY"
c,"GRRIOZOFKTYYNGRRHKKWAGRHKLUXKZNKRGCGTJZNKXKYNGRRHKTUJOYIXOSOTGZOUTOTVUROZOIGRKIUTUSOIYUIOGRUXIARZAXGRROLKUTGIIUATZULYKDXKROMOUTUXYUIOGRYZGZAY"
c,"TUVXOBORKMKJIGYZKYNGRRHKXKIUMTOFKJUXKBKXKYZGHROYNKJOTGTELUXS"
c,"ZNKGCGXJOTMULJKIUXGZOUTYUXJOYZOTIZOUTYULNUTUXOTGTELUXSYNGRRHKKLLKIZOBKUTRELUXXKIOVOKTZYGTJTUVXOBORKMKYYNGRRKTYAKZNKXKLXUS"
c,"GRRIOZOFKTYYNGRRKTPUEVKXYUTGRROHKXZETUVKXYUTYNGRRHKGXXKYZKJJKZGOTKJYKGXINKJYKOFKJUXOTZKXXUMGZKJKDIKVZGYVXUBOJKJHEGIZTUVKXYUTYNGRRHKVATOYNKJVRGIKJATJKXVXKBKTZOBKXKYZXOIZOUTYUXYAHPKIZZUOTBURATZGXERGHUXKDIKVZGYVXUBOJKJHEGIZGTJZNXUAMNRGCLARVXUIKJAXKY"
c,"TUIOZOFKTYYNGRRHKZUXZAXKJUXHKIUSVKRRKJZUZKYZOLEGMGOTYZNOSYKRLOTIXOSOTGRIGYKY"
c,"CGXXGTZYOYYAKJHEGPAJMKZNXUAMNJAKVXUIKJAXKYAVUTZNKXKWAKYZULGVXUYKIAZUXYNGRRHKVXKYKTZKJOTIGYKULGXXKYZJKZKTZOUTYKOFAXKUXYKGXINVXUBOJKJZNGZOTGIGYKCNKXKGIXOSOTGRYAYVKIZOYGTGVVXKNKTJKJLRGMXGTZKJKROIZUUXCNKXKZNKXKOYJGTMKXZNGZGVKXYUTYAYVKIZKJULIUSSOZZOTMGIXOSKVATOYNGHRKHEOSVXOYUTSKTZULZNXKKEKGXYUXSUXKSGEKYIGVKUXJKYZXUEKBOJKTIKOTBKYZOMGZOBKGAZNUXOZOKYSGEXKWAKYZGTKDVUYZLGIZUCGXXGTZ"
c,"GTEVKXYUTCNUOYGXXKYZKJUXJKZGOTKJYNGRRNGBKZNKXOMNZZUVXUSVZGYYOYZGTIKULIUATYKRCNKTGIXOSOTGRJKLKTJGTZOYATGHRKZUYKIAXKIUATYKRHENOYUCTKLLUXZYZNKYZGZKYNGRRGYYOMTIUATYKRLUXZNKJKLKTJGTZGYVXKYIXOHKJHEGIZ"
c,"TUVKXYUTYNGRRHKGXXKYZKJUXJKZGOTKJCOZNUAZHKOTMOTLUXSKJULZNKXKGYUTZNKXKLUXGTJULNOYXOMNZZUGYYOYZGTIKULIUATYKRZNKLGSOREKZIGYJKYOMTGZKJHEGIZULGVKXYUTGXXKYZKJUXJKZGOTKJYNGRRHKTUZOLOKJCOZNUAZJKRGEULZNKXKGYUTLUXGTJZNKZOSKGTJVRGIKULZNKGXXKYZUXJKZKTZOUT"
c,"GTEVKXYUTCNUOYGXXKYZKJUXJKZGOTKJYNGRRNGBKZNKXOMNZZUXKWAKYZZNKIUAXZZUXKBOKCZNKRKMGROZEULZNKGXXKYZUXJKZKTZOUT"
c,"OTGIGYKCNKXKGIUTLKYYOUTOYJKKSKJZUNGBKHKKTSGJKGMGOTYZGJKLKTJGTZYCORRJAKZUZUXZAXKBOURKTIKOTZOSOJGZOUTATJAREVXURUTMKJGXXKYZJKIKOZUXKZIUXOTGIGYKCNKXKGIUTLKYYOUTOYZNKUTREKBOJKTIKGMGOTYZGJKLKTJGTZOTGLUXSGRZXOGRYAINGIUTLKYYOUTYNGRRTUZHKGJSOZZKJGYKBOJKTIKULMAORZTUXYNGRRGJKLKTJGTZHKVATOYNKJHEXKGYUTULYAINGIUTLKYYOUT"
c,"TUIOZOFKTYNGRRHKVXUYKIAZKJLUXGTGIZCNOINJUKYTUZIUTYZOZAZKGIXOSKATJKXZNKGIZOTLUXIKGZZNKZOSKOZCGYIUSSOZZKJTUXYNGRRNKHKVRGIKJOTJUAHRKPKUVGXJE"
c,"TUXKYZXOIZOUTYYNGRRHKOSVUYKJAVUTZNKVUROZOIGRXOMNZYULGTEIOZOFKTTUXYNGRRGTEVKXYUTHKJKVXOBKJULVXUVKXZEXOMNZYHESKGTYULXKZXUGIZOBKRKMOYRGZOUT"
c,"TUIOZOFKTYNGRRYALLKXATLGBUXGHRKZXKGZSKTZUTGIIUATZULGTGIZTUZULNOYUCTJUOTMHAZIUSSOZZKJHEGXKRGZOBKGRRIOZOFKTYYNGRRKTPUELXKKJUSULXKYOJKTIKGTJZNKXOMNZZUSUBKGZCORR"
c,"GRRIOZOFKTYYNGRRKTPUELXKKJUSULUIIAVGZOUT"
c,"GRRIOZOFKTYYNGRRHKLXKKLXUSOTZXAYOUTOTZUZNKOXVRGIKULXKYOJKTIKOTIGYKULYKGXINUXYKOFAXKOTGXKYOJKTIKGCGXXGTZOYYAKJHEGPAJMKAVUTXKWAKYZULGVXUYKIAZUXYNGRRHKVXKYKTZKJ"
c,"ZNKVXOBGIEULTUIOZOFKTYNGRRHKOTLXOTMKJ"
c,"ZNKVXOBGIEULIUXXKYVUTJKTIKULTUIOZOFKTYNGRRHKOTLXOTMKJ"
c,"GRRIOZOFKTYYNGRRKTPUELXKKJUSULIUTYIOKTIK"
c,"GRRIOZOFKTYYNGRRKTPUELXKKJUSULXKROMOUT"
c,"TUYZGZKXKROMOUTYNGRRHKXKIUMTOFKJGTJXKROMOUTGTJYZGZKYNGRRHKYKVGXGZKJ"
c,"GRRIOZOFKTYYNGRRKTPUELXKKJUSULYVKKINGTJZNKVXKYYGTJLXKKJUSULGYYKSHREGTJGYYUIOGZOUT"
c,"ROIKTYOTMUXIKTYUXYNOVULYVKKINGTJZNKVXKYYGTJROIKTYOTMULGYYKSHREGTJGYYUIOGZOUTYNGRRTUZHKVKXSOZZKJ"
c,"ZNKYZGTJGXJYULTKCYYKXBOIKGTJHXUGJIGYZLGIOROZOKYGTJSGZZKXYTKIKYYGXEZUKTYAXKZNKLATIZOUTYULTKCYVGVKXYYNGRRHKJKZKXSOTKJHEGIZ"
c,"TKOZNKXYVKKINTUXZNKVXKYYYNGRRBOURGZKZNKNUTUXUXXOMNZYULUZNKXVKXYUTYTUXATJKXSOTKVAHROISUXGRYUXYUIOGRKZNOIYYNUARJYVKKINUXZNKVXKYYBOURGZKZNKNUTUXUXXOMNZYULUZNKXVKXYUTYIRGOSYSGEHKSGJKLUXZNKJGSGMKXKYARZOTMZNKXKLXUS"
c,"GRRIOZOFKTYYNGRRKTPUELXKKJUSULRKGXTOTMGTJZNKGXZY"
c,"ZNKXOMNZYULGAZNUXYOTBKTZUXYYIOKTZOYZYKTMOTKKXYGTJGXZOYZYYNGRRHKVXUZKIZKJHEGIZ"
c,"ZNKXOMNZULVXUVKXZEULGRRIOZOFKTYYNGRRHKMAGXGTZKKJZNKIUTZKTZYGTJROSOZGZOUTYZNKXKULYNGRRHKJKZKXSOTKJHEGIZ"
c,"ZNKKDKXIOYKULVXUVKXZEXOMNZYYNGRRIUTLUXSZUZNKVAHROICKRLGXK"
c,"KDVXUVXOGZOUTAYKUXXKYZXOIZOUTULVXOBGZKVXUVKXZELXUSVAHROITKIKYYOZEGTJIUSVKTYGZOUTZNKXKLUXYNGRRHKMUBKXTKJHEGIZVXUBOJKJZNGZOTYAINGIGYKPAYZIUSVKTYGZOUTYNGRRHKVGOJ"
c,"GRRIOZOFKTYYNGRRNGBKZNKXOMNZZUBUZKATJKXZNKIUTJOZOUTYGYVXKYIXOHKJHEGIZ"
c,"GRRIOZOFKTYYNGRRNGBKZNKXOMNZZUNURJVAHROIULLOIKATJKXZNKIUTJOZOUTYGYVXKYIXOHKJHEGIZ"
c,"GRRIOZOFKTYYNGRRNGBKZNKXOMNZZUVKZOZOUTOTCXOZOTMZUGTEMUBKXTSKTZGRGMKTIEATJKXZNKIUTJOZOUTYGYVXKYIXOHKJHEGIZ"
c,"ZNKYZGZKYNGRRHKUHROMGZKJZUKDGSOTKGRRYAINVKZOZOUTY"
c,"GRRIOZOFKTYYNGRRNGBKZNKXOMNZZUZXOGROTIUTLUXSOZECOZNZNKGIZHEPAJMKYWAGROLOKJATJKXZNKIUTYZOZAZOUTGTJZNKGIZ"
c,"IOZOFKTYCNUGXKTUZUTGIZOBKSOROZGXEYKXBOIKUXKSVRUEKKYULZNKSOROZGXELUXIKYYNGRRTUZHKZXOKJHEGIUAXZSGXZOGRCOZNOTZNKZKXXOZUXEULZNKXKVAHROIULQUXKGKDIKVZOTIGYKULIXOSKYGYVXKYIXOHKJHEGIZOTBURBOTMOSVUXZGTZIRGYYOLOKJSOROZGXEOTLUXSGZOUTYKTZOTKRYYKTZXEVUYZYZNKYAVVREULNGXSLARLUUJGTJHKBKXGMKYVXOYUTKXYULCGXGTJSOROZGXEGXZOIRKYGTJLGIOROZOKYGTJOTZNKIGYKULZNKVXUIRGSGZOUTULKDZXGUXJOTGXESGXZOGRRGC"
c,"GRRIOZOFKTYYNGRRNGBKZNKXOMNZZUGYVKKJEZXOGRZNKGIIAYKJYNGRRNGBKZNKXOMNZZUGVAHROIZXOGRCOZNUAZJKRGEOTZNKGHYKTIKULPAYZOLOGHRKXKGYUTYZUZNKIUTZXGXE"
c,"ZNKGIIAYKJYNGRRHKVXKYASKJOTTUIKTZATZORGPAJMSKTZULMAORZNGYHKKTVXUTUATIKJ"
c,"GBOIZOSULGIXOSKYNGRRHKKTZOZRKJZUSGQKGYZGZKSKTZJAXOTMZNKVXUIKKJOTMYULZNKZXOGRULZNKIGYKOTBURBKJGYATJKXZNKIUTJOZOUTYVXKYIXOHKJHEGIZ"
c,"OTGIGYKCNKXKGIXOSOTGRYAYVKIZUXGTGIIAYKJVKXYUTCNUNGYHKKTVRGIKJATJKXJKZKTZOUTOYTUZOTJOIZKJGYVXUBOJKJHEGIZUXOYGIWAOZZKJHEGIUAXZNKYNGRRHKKTZOZRKJZUIRGOSPAYZIUSVKTYGZOUTLXUSZNKYZGZKATJKXZNKIUTJOZOUTYGYVXKYIXOHKJHEGIZ"
c,"OTIGYKGVKXYUTNGYYAYZGOTKJJGSGMKYHEGTATRGCLARGIZIUSSOZZKJHEGVAHROIULLOIOGROTZNKIUAXYKULULLOIOGRJAZOKYNKSGEIRGOSPAYZIUSVKTYGZOUTLXUSZNKYZGZKUXVAHROIUXMGTOFGZOUTATJKXZNKIUTJOZOUTYGYVXKYIXOHKJHEGIZOTZNOYIGYKZNKVAHROIULLOIOGRIUTIKXTKJYNGRRTUZHKOSSATKLXUSROGHOROZOKY"
c,"OTIGYKGVKXYUTUTGIZOBKSOROZGXEYKXBOIKUXGTKSVRUEKKULZNKSOROZGXELUXIKYGVUROIKULLOIOGRUXUZNKXYGYVXKYIXOHKJHEGIZYAYZGOTYJGSGMKYOTIUTTKIZOUTCOZNZNKVKXLUXSGTIKULULLOIOGRJAZOKYYAINGYIUSHGZGIZOUTJXORRGTJYULUXZNNKYNGRRTUZHKKTZOZRKJZUGIRGOSGMGOTYZZNKYZGZKUXVAHROIUXMGTOFGZOUTUTZNKMXUATJYULATRGCLARGIZYIUSSOZZKJHEVAHROIULLOIOGRYOTZNKIUAXYKULULLOIOGRJAZOKYHAZYNGRRHKKTZOZRKJUTREZUIUSVKTYGZOUTYGYVXKYIXOHKJHEGIZ"
c,"IOZOFKTYCNUNGBKYALLKXKJHUJOREOTPAXEUXJKGZNJAKZUIXOSOTGRGIZYULUZNKXYSGEXKIKOBKGOJLXUSZNKYZGZKATJKXZNKIUTJOZOUTYGYVXKYIXOHKJHEGIZ"
c,"GRRIOZOFKTYYNGRRNGBKGTKWAGRXOMNZZUGTKJAIGZOUTIUXXKYVUTJOTMZUZNKOXGHOROZOKY"
c,"GRRIOZOFKTYCNUNGBKINORJXKTZUYAVVUXZYNGRRHKXKYVUTYOHRKGZRKGYZLUXZNKOXKRKSKTZGXEKJAIGZOUTGTJUZNKXKJAIGZOUTGYVXUBOJKJHEGIZ"
c,"IUSVARYUXEKJAIGZOUTYNGRRHKLXKKULINGXMK"
c,"OTJKVKTJKTIKVXULKYYOUTGROYSGTJVUROZOIGROSVGXZOGROZEULKJAIGZOUTGTJZNKGAZUTUSEULOTYZOZAZOUTYULNOMNKXRKGXTOTMYNGRRHKMAGXGTZKKJATJKXZNKIUTJOZOUTYGYVXKYIXOHKJHEGIZ"
c,"ZNKYZGZKYNGRRVXUSUZKROLKRUTMKJAIGZOUT"
c,"LATJGSKTZGRSGZZKXYVKXZGOTOTMZUZNKKJAIGZOUTGRYEYZKSOTIRAJOTMOTYINUURGTJROLKRUTMKJAIGZOUTGJSOTOYZXGZOUTLOTGTIKGTJZNKYZGZAYULZKGINKXYYNGRRHKJKZKXSOTKJHEGIZ"
c,"GRRIOZOFKTYYNGRRNGBKZNKXOMNZZUCUXQZNKYZGZKYNGRRKTJKGBUXZUVXUSUZKZNKKSVRUESKTZULCUXQKXYGTJZUMAGXGTZKKUVZOSASCGMKYZNXUAMNYUIOGRGTJKIUTUSOISKGTYGTJYNGRRKTLUXIKGSOTOSASCGMKYEYZKSATJKXZNKIUTJOZOUTYGYVXKYIXOHKJHEGIZ"
c,"GRRIOZOFKTYYNGRRNGBKZNKJAZEZUCUXQZNKYZGZKYNGRRVXKYIXOHKHEGIZZNKKDZKTZGTJIUTJOZOUTYULZNKJAZEZUCUXQOTIUTLUXSOZECOZNJKSUIXGZOIVXOTIOVRKY"
c,"YZGTJGXJYULCUXQOTMIUTJOZOUTYYNGRRHKJKZKXSOTKJHEGIZOTYAINGCGEGYZUMAGXGTZKKNASGTJOMTOZE"
c,"YVKIOGRVXUZKIZOUTYNGRRHKGIIUXJKJZUCUXQOTMCUSKTGTJZNKEYNGRRTUZHKYAHPKIZKJZUATPAYZJOYIXOSOTGZOUTOTZKXSYULKSVRUESKTZCGMKYGTJCUXQOTMIUTJOZOUTY"
c,"YVKIOGRVXUZKIZOUTYNGRRHKGIIUXJKJZUCUXQOTMINORJXKT"
c,"ZNKUVVUXZATOZEZUCUXQYNGRRHKGIIUXJKJVXKLKXKTZOGRREATJKXZNKIUTJOZOUTYGYVXKYIXOHKJHEGIZZUZNUYKCNUNGBKMOBKTJOYZOTMAOYNKJYKXBOIKZUZNKYZGZKCUATJKJBKZKXGTYGTJVUROIKSKTGTJSKSHKXYULZNKHKXKGBKJLGSOROKYULSOROZGXEYKXBOIKSKTGTJVUROIKSKTQORRKJOTGIZOUT"
c,"ZUKTNGTIKCUXQOTMIUTJOZOUTYCUXQKXYYNGRRNGBKZNKXOMNZZUOTJKVKTJKTZGYYUIOGZOUTIURRKIZOBKHGXMGOTOTMGTJIURRKIZOBKGIZOUT"
c,"UTREZNUYKVAHROIULLOIOGRYCNUGXKJKYOMTGZKJHEGIZYNGRRNGBKZNKXOMNZZUGYYUIOGZOUTIURRKIZOBKHGXMGOTOTMGTJIURRKIZOBKGIZOUT"
c,"ZNKXOMNZZUIURRKIZOBKGIZOUTULCUXQKXYKSVRUEKJHEOSVUXZGTZJKLKTYKOTJAYZXOKYSGEHKKOZNKXXKYZXOIZKJUXJKTOKJATJKXZNKIUTJOZOUTYGYVXKYIXOHKJHEGIZ"
c,"GRRIOZOFKTYYNGRRHKKTZOZRKJZUGROLKCUXZNEULNASGTHKOTMY"
c,"ZNKYZGZKYNGRRNGBKZNKJAZEZUKTJKGBUXZUVXUSUZKYUIOGRYKIAXOZEGTJCKRLGXK"
c,"ZNKYZGZKYNGRRKTJKGBUXZUVXUSUZKZNKCKRLGXKGTJXOMNZYULCUSKT"
c,"ZNKYZGZKYNGRRNGBKZNKJAZEZUOSVRKSKTZVUROIOKYLUXKTNGTIOTMZNKCKRLGXKULYKTOUXIOZOFKTYGTJZNKEUATM"
c,"IOZOFKTYCNUGXKOTIGVGHRKULKGXTOTMGROBKRONUUJJAKZUGVNEYOIGRJOYGHOROZEJOYKGYKURJGMKUXUZNKXXKGYUTYYNGRRHKVXUZKIZKJHEZNKYZGZKATJKXZNKIUTJOZOUTYGYVXKYIXOHKJHEGIZ"
c,"ZNKYZGZKYNGRRKTJKGBUXZUVXKBKTZJOYGYZKXYGTJZUVXUZKIZIOZOFKTYLXUSNGXSZNKXKLXUS"
c,"GRRIOZOFKTYYNGRRNGBKZNKXOMNZZUGNKGRZNEGTJVRKGYGTZKTBOXUTSKTZZNKYZGZKGTJGRRIOZOFKTYYNGRRKTJKGBUXZUVXUZKIZZNKKTBOXUTSKTZ"
c,"ZNKYAHYZGTIKULZNKKTBOXUTSKTZGRXOMNZYNGRRHKJKZKXSOTKJHEGIZ"
c,"ZNKYZGZKYNGRRKTJKGBUXZUKTYAXKIUSLUXZGHRKNUAYOTMLUXGRRIOZOFKTYZNXUAMNNUAYOTMJKBKRUVSKTZVUROIOKYGTJZNKROQK"
c,"SGXXOGMKGTJLGSOREROLKYNGRRHKKTZKXKJOTZUGTJYAYZGOTKJUTZNKHGYOYULOTJOBOJAGRJOMTOZEGTJKWAGROZEULZNKYKDKYGTJZNKYZGZKYNGRRJUKBKXEZNOTMOTOZYVUCKXZUGINOKBKZNGZMUGR"
c,"ZNKYZGZKYNGRRKTJKGBUXZUVXUZKIZSUZNKXNUUJ"
c,"ZNKNKGRZNULGRRIOZOFKTYYNGRRHKVXUZKIZKJHEZNKYZGZK"
c,"LXKKJUSYGTJXOMNZYULIOZOFKTYYNGRRTUZHKTKMRKIZKJUTZNKMXUATJYZNGZZNKEGXKTUZKTASKXGZKJOTZNKIUTYZOZAZOUT"
c,"ZNKLXKKJUSYGTJXOMNZYULIOZOFKTYSGEHKXKYZXOIZKJHEGIZUTRECNKTTKIKYYGXELUXTGZOUTGRYKIAXOZEZNKSGOTZKTGTIKULRGCGTJUXJKXUXLUXVAHROICKRLGXKKBKTCNKTYAINXKYZXOIZOUTOYOSVUYKJTUKYYKTZOGRGYVKIZULZNKLXKKJUSUXXOMNZYNGRRHKBOURGZKJ"
c,"GRRIOZOFKTYYNGRRNGBKZNKJAZEZUVGEZGDKYATJKXZNKIUTJOZOUTYGYVXKYIXOHKJHEGIZ"
c,"GRRIOZOFKTYYNGRRNGBKZNKJAZEULTGZOUTGRJKLKTYKATJKXZNKIUTJOZOUTYGYVXKYIXOHKJHEGIZ"
c,"TUIOZOFKTYNGRRHKZXKGZKJATLGBUXGHREUTGIIUATZULZNKLARLORRSKTZULNOYUHROMGZOUTULSOROZGXEYKXBOIK"
c,"INGVZKXZNKTGZOUTGRGYYKSHRE"
c,"ZNKRKMOYRGZOBKVUCKXYNGRRHKBKYZKJOTZNKTGZOUTGRGYYKSHRE"
c,"ZNKTGZOUTGRGYYKSHREYNGRRHKIUSVUYKJULSKSHKXYKRKIZKJHEATOBKXYGRKWAGRJOXKIZGTJYKIXKZHGRRUZHEZNKIOZOFKTY"
c,"ZNKTASHKXULSKSHKXYULZNKTGZOUTGRGYYKSHREYNGRRHKJKZKXSOTKJHEGIZHAZZNKTASHKXYNGRRTUZHKRKYYZNGT"
c,"ZNKIUTYZOZAKTIOKYULSKSHKXYULZNKTGZOUTGRGYYKSHREVXUVUXZOUTGRXKVXKYKTZGZOUTGTJUZNKXSGZZKXYVKXZGOTOTMZUTGZOUTGRGYYKSHREKRKIZOUTYYNGRRHKJKZKXSOTKJHEGIZ"
c,"ZNKZKXSULULLOIKULSKSHKXYULZNKTGZOUTGRGYYKSHREYNGRRHKLUAXEKGXY"
c,"SKSHKXYULZNKTGZOUTGRGYYKSHREYNGRRTUZIUTIAXXKTZRENURJGTEUZNKXULLOIKVXKYIXOHKJHEGIZ"
c,"JAXOTMZNKYKYYOUTYULZNKTGZOUTGRGYYKSHRETUSKSHKXULZNKTGZOUTGRGYYKSHREYNGRRHKGXXKYZKJUXJKZGOTKJCOZNUAZZNKIUTYKTZULZNKTGZOUTGRGYYKSHREKDIKVZOTIGYKULLRGMXGTZKJKROIZU"
c,"OTIGYKULGVVXKNKTYOUTUXJKZKTZOUTULGSKSHKXULZNKTGZOUTGRGYYKSHREVXOUXZUZNKUVKTOTMULGYKYYOUTYAINSKSHKXYNGRRHKXKRKGYKJJAXOTMZNKYKYYOUTAVUTZNKXKWAKYZULZNKTGZOUTGRGYYKSHREKDIKVZOTIGYKULLRGMXGTZKJKROIZU"
c,"TUSKSHKXULZNKTGZOUTGRGYYKSHREYNGRRHKNKRJXKYVUTYOHRKUAZYOJKZNKTGZOUTGRGYYKSHRELUXUVOTOUTYULLOIOGRREKDVXKYYKJUXBUZKYIGYZOTZNKGYYKSHRE"
c,"SKSHKXYULZNKTGZOUTGRGYYKSHREYNGRRNGBKZNKJAZEZUSGOTZGOTNOMNYZGTJGXJYULOTZKMXOZE"
c,"SKSHKXYULZNKTGZOUTGRGYYKSHREYNGRRMOBKVXKLKXKTIKZUTGZOUTGROTZKXKYZYGTJYNGRRVKXLUXSZNKOXJAZOKYOTGIIUXJGTIKCOZNIUTYIOKTIK"
c,"SKSHKXYULZNKTGZOUTGRGYYKSHREYNGRRTUZGIWAOXKZNXUAMNGHAYKULZNKOXVUYOZOUTYXOMNZYGTJOTZKXKYZYOTVXUVKXZEUXVUYOZOUTYUXGYYOYZUZNKXVKXYUTYZUGIWAOXKZNKYGSKHESKGTYULIUTZXGIZYCOZNUXJOYVUYOZOUTYHEZNKYZGZKVAHROIUXMGTOFGZOUTYUXOTJAYZXOKY"
c,"GXKMARGXYKYYOUTULZNKTGZOUTGRGYYKSHREYNGRRHKIUTBKTKJUTIKKBKXEEKGXATJKXZNKIUTJOZOUTYGYVXKYIXOHKJHEGIZGTJKDZXGUXJOTGXEYKYYOUTYULZNKTGZOUTGRGYYKSHREYNGRRHKIUTBKTKJAVUTZNKXKWAKYZULZNKVXKYOJKTZUXUTKLUAXZNUXSUXKULZNKZUZGRSKSHKXY"
c,"ZNKVKXOUJULXKMARGXYKYYOUTYYNGRRTUZKDIKKJGNATJXKJJGEYGTJZNGZULKDZXGUXJOTGXEYKYYOUTYZNOXZEJGEY"
c,"OLZNKVXKYOJKTZXKWAKYZYZNKIUTBKTOTMULGTKDZXGUXJOTGXEYKYYOUTZNKVKXOUJULZNKYKYYOUTGTJZNKXKGYUTYLUXZNKXKWAKYZYNGRRHKIRKGXREYVKIOLOKJ"
c,"ZNKTGZOUTGRGYYKSHREYNGRRKRKIZUTKYVKGQKXGTJZCUBOIKYVKGQKXY"
c,"KDIKVZGYUZNKXCOYKVXUBOJKJLUXOTZNKIUTYZOZAZOUTUXOTGIZZNKGZZKTJGTIKULGSGPUXOZEULZNKZUZGRSKSHKXYGTJZNKIUTIAXXKTZBUZKULGSGPUXOZEULZNKSKSHKXYVXKYKTZYNGRRHKTKIKYYGXELUXJKIOYOUTYULZNKTGZOUTGRGYYKSHREOTIGYKULGZOKBUZKZNKSGZZKXYNGRRHKXKMGXJKJGYXKPKIZKJ"
c,"YKYYOUTYULZNKTGZOUTGRGYYKSHREYNGRRHKUVKTZUZNKVAHROIVXUBOJKJZNGZCNKTOZOYJKIOJKJYUHEGSGPUXOZEULZNKSKSHKXYVXKYKTZUXCNKTZNKYVKGQKXJKKSYOZTKIKYYGXEZUJUYULUXZNKYGQKULTGZOUTGRYKIAXOZEZNKESGEHKIRUYKJZUZNKVAHROI"
c,"ZNKVAHROIJOYIRUYAXKULZNKVXUIKKJOTMYULYKYYOUTYCNOINCKXKTUZUVKTZUZNKVAHROIYNGRRHKJKZKXSOTKJHEGIZ"
c,"HORRYGTJUZNKXSGZZKXYYAHSOZZKJZUZNKTGZOUTGRGYYKSHRELUXJKROHKXGZOUTYNGRRTUZHKGHGTJUTKJUTZNKMXUATJZNGZZNKECKXKTUZGIZKJAVUTJAXOTMZNKYKYYOUTOTCNOINZNKECKXKOTZXUJAIKJKDIKVZOTGIGYKCNKXKZNKZKXSULZNKSKSHKXYULZNKTGZOUTGRGYYKSHRENGYKDVOXKJ"
c,"HORRYSGEHKOTZXUJAIKJHESKSHKXYULZNKTGZOUTGRGYYKSHREUXHEZNKKDKIAZOBK"
c,"KGINHORRVGYYKJHEZNKTGZOUTGRGYYKSHREYNGRRHKYKTZZUZNKKDKIAZOBKGTJZNKVXKYOJKTZYNGRRVXUSARMGZKOZCOZNOTLOLZKKTJGEY"
c,"OTIGYKULUHPKIZOUTZUZNKHORRZNKVXKYOJKTZSGECOZNOTZNKVKXOUJXKLKXXKJZUOTVGXGMXGVN"
c,"XKZAXTOZZUZNKTGZOUTGRGYYKSHRECOZNCXOZZKTKDVRGTGZOUTULNOYUHPKIZOUTGTJXKWAKYZOZHKXKIUTYOJKXKJZNKVXKYOJKTZSGEJUZNKYGSKJAXOTMGJPUAXTSKTZULZNKTGZOUTGRGYYKSHRE"
c,"ZNKVXKYOJKTZYNGRRTUZXKWAKYZZNKTGZOUTGRGYYKSHREZUXKIUTYOJKXZNKHORROTVGXZUXCOZNVXUVUYKJGSKTJSKTZY"
c,"OTIGYKZNKXKOYGXKWAKYZLUXXKIUTYOJKXGZOUTULGHORRZNKTGZOUTGRGYYKSHREYNGRRXKIUTYOJKXOZGTJOLZNKTGZOUTGRGYYKSHREXKVGYYKYZNKHORROTZNKUXOMOTGRLUXSCOZNZNKGZZKTJGTIKULSUXKZNGTUTKNGRLULZNKZUZGRSKSHKXYGTJCOZNGIUTIAXXKTZBUZKULZCUZNOXJYUXSUXKULZNKSKSHKXYVXKYKTZOZYNGRRHKIUSKGIZ"
c,"OLZNKVXKYOJKTZJUKYTUZVXUSARMGZKZNKHORRUXJUKYTUZXKWAKYZZNKTGZOUTGRGYYKSHREZUXKIUTYOJKXOZCOZNOTZNKVKXOUJXKLKXXKJZUOTVGXGMXGVNOZYNGRRHKIUSKGIZ"
c,"ZNKVXKYOJKTZYNGRRVXUSARMGZKCOZNUAZJKRGEZNKGIZGYLOTGROFKJATJKXVGXGMXGVNYGTJOLZNKVXKYOJKTZJUKYTUZVXUSARMGZKGTGIZCOZNOTLOBKJGEYGLZKXOZNGYHKIUSKGIZATJKXVGXGMXGVNUXGLZKXOZNGYHKKTXKZAXTKJZUZNKKDKIAZOBKATJKXVGXGMXGVNZNKYVKGQKXYNGRRVXUSARMGZKOZ"
c,"KDIKVZGYVXUBOJKJUZNKXCOYKGTGIZYNGRRZGQKKLLKIZZCKTZEJGEYGLZKXZNKJGZKULVXUSARMGZOUT"
c,"ZNKTGZOUTGRGYYKSHREYNGRRJKROHKXGZKGTJJKIOJKAVUTZNKTGZOUTGRHAJMKZHORR"
c,"ZNKKDKIAZOBKYNGRRLUXSARGZKZNKHAJMKZHORRLUXKGINLOYIGREKGXGTJYAHSOZOZZUZNKTGZOUTGRGYYKSHRECOZNOTTOTKZEJGEYHKLUXKZNKHKMOTTOTMULGLOYIGREKGXZNKTGZOUTGRGYYKSHREYNGRRJKIOJKAVUTOZCOZNOTZNOXZEJGEYHKLUXKZNKHKMOTTOTMULZNKLOYIGREKGX"
c,"OLZNKHAJMKZHORROYTUZVGYYKJHEZNKHKMOTTOTMULZNKLOYIGREKGXZNKKDKIAZOBKSGEOTIUTLUXSOZECOZNZNKHAJMKZULZNKVXKBOUAYLOYIGREKGXJOYHAXYKLATJYLUXZNKLURRUCOTMVAXVUYKYATZORZNKHAJMKZHORROYVGYYKJHEZNKTGZOUTGRGYYKSHRE"
c,"ZNKSGOTZKTGTIKGTJUVKXGZOUTULGMKTIOKYGTJLGIOROZOKYKYZGHROYNKJHEZNKIUTYZOZAZOUTUXGIZ"
c,"KDKIAZOUTULZNKUHROMGZUXEKDVKTJOZAXKYGYVXKYIXOHKJHEGIZGTJ"
c,"IUTZOTAGZOUTULVXUPKIZYVXKBOUAYREGVVXUBKJOTZNKHAJMKZ"
c,"OTGIGYKCNKXKOZOYTKIKYYGXEZUSGQKIUTZOTAOTMJOYHAXYKSKTZYLUXGVKXOUJRUTMKXZNGTUTKLOYIGREKGXZNKKDKIAZOBKYNGRRUHZGOTZNKGVVXUBGRULZNKTGZOUTGRGYYKSHRELUXGYVKIOLOKJVKXOUJULZOSK"
c,"GXKYKXBKLATJYNGRRHKGVVXUBKJHEZNKTGZOUTGRGYYKSHREOTZUZGRZNKJOYHAXYKSKTZULZNKXKYKXBKLATJYNGRRHKGVVXUBKJJAXOTMZNKTKDZYKYYOUTULZNKTGZOUTGRGYYKSHRE"
c,"CNKTOZOYTKIKYYGXEZUGSKTJZNKHAJMKZZNKKDKIAZOBKSGELUXSARGZKGYAVVRKSKTZGXEXKBOYKJHAJMKZHORRGTJYAHSOZOZZUZNKTGZOUTGRGYYKSHRE"
c,"ZNKTGZOUTGRGYYKSHREYNGRRCOZNUAZZNKIUTYKTZULZNKKDKIAZOBKTKOZNKXOTIXKGYKZNKYASULGTEOZKSULKDVKTJOZAXKTUXIXKGZKGTETKCOZKSYULKDVKTJOZAXKOTZNKHAJMKZYAHSOZZKJHEZNKKDKIAZOBK"
c,"CNKTZNKKDKIAZOBKVRGTYZUOYYAKTGZOUTGRHUTJYUXZUIUTIRAJKIUTZXGIZYCNOINSGEOTIAXLOTGTIOGRUHROMGZOUTYUTZNKYZGZKUAZYOJKZNKHAJMKZOZYNGRRNGBKZNKVXOUXIUTIAXXKTIKULZNKTGZOUTGRGYYKSHRE"
c,"ZEVKYGTJXGZKYULZGDKYYNGRRHKJKZKXSOTKJHEGIZ"
c,"ZNKTGZOUTGRGYYKSHREYNGRRNGBKZNKXOMNZZUIUTYKTZZUZNKIUTIRAYOUTGTJXGZOLOIGZOUTUL"
c,"ZXKGZOKYVKXZGOTOTMZUSAZAGRGYYOYZGTIKUXSAZAGRYKIAXOZEZXKGZOKYIUTIKXTOTMOSVUXZGTZOTZKXTGZOUTGRUXMGTOFGZOUTYZXKGZOKYULLXOKTJYNOVZXGJKGTJTGBOMGZOUTZXKGZOKYVKXZGOTOTMZUGTEXKYZXOIZOUTOTYUBKXKOMTZEVKGIKZXKGZOKYZXKGZOKYCNOINCORRHAXJKTZNKYZGZKUXVKUVRKCOZNGTOSVUXZGTZLOTGTIOGRUHROMGZOUTUXZXKGZOKYXKRGZKJZURKMOYRGZOBKSGZZKXY"
c,"ZNKTGZOUTGRGYYKSHREYNGRRGRYUNGBKZNKXOMNZZUIUTYKTZZUZNKJKIRGXGZOUTULCGXZNKJOYVGZINULGXSKJLUXIKYZULUXKOMTYZGZKYUXZNKYZGZOUTOTMULGROKTLUXIKYOTZNKZKXXOZUXEULZNKXKVAHROIULQUXKG"
c,"ZNKTGZOUTGRGYYKSHRESGEOTYVKIZGLLGOXYULYZGZKUXOTBKYZOMGZKYVKIOLOISGZZKXYULYZGZKGLLGOXYGTJSGEJKSGTJZNKVXUJAIZOUTULJUIASKTZYJOXKIZREXKRGZKJZNKXKZUZNKGVVKGXGTIKULGCOZTKYYOTVKXYUTGTJZNKLAXTOYNOTMULZKYZOSUTEUXYZGZKSKTZYULUVOTOUT"
c,"ZNKVXUIKJAXKYGTJUZNKXTKIKYYGXESGZZKXYIUTIKXTOTMZNKOTYVKIZOUTGTJOTBKYZOMGZOUTULYZGZKGJSOTOYZXGZOUTYNGRRHKJKZKXSOTKJHEGIZ"
c,"ZNKVXOSKSOTOYZKXSKSHKXYULZNKYZGZKIUATIORUXMUBKXTSKTZJKRKMGZKYSGEGZZKTJSKKZOTMYULZNKTGZOUTGRGYYKSHREUXOZYIUSSOZZKKYGTJXKVUXZUTZNKYZGZKGJSOTOYZXGZOUTUXJKROBKXUVOTOUTYGTJGTYCKXWAKYZOUTY"
c,"CNKTXKWAKYZKJHEZNKTGZOUTGRGYYKSHREUXOZYIUSSOZZKKYZNKVXOSKSOTOYZKXSKSHKXYULZNK"
c,"YZGZKIUATIORUXMUBKXTSKTZJKRKMGZKYYNGRRGZZKTJGTESKKZOTMULZNKTGZOUTGRGYYKSHREGTJGTYCKXWAKYZOUTYOLZNKVXOSKSOTOYZKXUXYZGZKIUATIORSKSHKXYGXKXKWAKYZKJZUGZZKTJZNKVXOSKSOTOYZKXUXYZGZKIUATIORSKSHKXYSGENGBKYZGZKIUATIORSKSHKXYUXMUBKXTSKTZJKRKMGZKYGZZKTJGTESKKZOTMULZNKTGZOUTGRGYYKSHREGTJGTYCKXWAKYZOUTY"
c,"ZNKTGZOUTGRGYYKSHRESGEVGYYGXKIUSSKTJGZOUTLUXZNKXKSUBGRULZNKVXOSKSOTOYZKXUXGYZGZKIUATIORSKSHKXLXUSULLOIK"
c,"GXKIUSSKTJGZOUTLUXXKSUBGRGYXKLKXXKJZUOTVGXGMXGVNSGEHKOTZXUJAIKJHEUTKZNOXJUXSUXKULZNKZUZGRSKSHKXYULZNKTGZOUTGRGYYKSHREGTJYNGRRHKVGYYKJCOZNZNKIUTIAXXKTZBUZKULGSGPUXOZEULZNKZUZGRSKSHKXYULZNKTGZOUTGRGYYKSHRE"
c,"ZNKTGZOUTGRGYYKSHRESGEKYZGHROYNZNKXARKYUL"
c,"OZYVXUIKKJOTMYGTJOTZKXTGRXKMARGZOUTYVXUBOJKJZNGZZNKEGXKTUZOTIUTLROIZCOZNGIZ"
c,"ZNKTGZOUTGRGYYKSHRESGEXKBOKCZNKWAGROLOIGZOUTYULOZYSKSHKXYGTJSGEZGQKJOYIOVROTGXEGIZOUTYGMGOTYZOZYSKSHKXY"
c,"ZNKIUTIAXXKTZBUZKULZCUZNOXJYUXSUXKULZNKZUZGRSKSHKXYULZNKTGZOUTGRGYYKSHREYNGRRHKXKWAOXKJLUXZNKKDVARYOUTULGTESKSHKX"
c,"TUGIZOUTYNGRRHKHXUAMNZZUIUAXZCOZNXKMGXJZUJKIOYOUTYZGQKTATJKXVGXGMXGVNYGTJ"
c,"OTIGYKZNKVXKYOJKTZZNKVXOSKSOTOYZKXSKSHKXYULZNKYZGZKIUATIORNKGJYULKDKIAZOBKSOTOYZXOKYPAYZOIKYULZNKIUTYZOZAZOUTGRIUAXZPAJMKYSKSHKXYULZNKTGZOUTGRKRKIZOUTIUSSOYYOUTZNKINGOXSGTGTJSKSHKXYULZNKHUGXJULGAJOZGTJ"
c,"OTYVKIZOUTGTJUZNKXVAHROIULLOIOGRYJKYOMTGZKJHEGIZNGBKBOURGZKJZNKIUTYZOZAZOUTUXUZNKXGIZYOTZNKVKXLUXSGTIKULULLOIOGRJAZOKYZNKTGZOUTGRGYYKSHRESGEVGYYSUZOUTYLUXZNKOXOSVKGINSKTZ"
c,"GSUZOUTLUXOSVKGINSKTZVXKYIXOHKJOTVGXGMXGVNSGEHKVXUVUYKJHEUTKZNOXJUXSUXKULZNKZUZGRSKSHKXYULZNKTGZOUTGRGYYKSHREGTJYNGRRXKWAOXKGIUTIAXXKTZBUZKULGSGPUXOZEULZNKZUZGRSKSHKXYULZNKTGZOUTGRGYYKSHRELUXVGYYGMKVXUBOJKJZNGZGSUZOUTLUXZNKOSVKGINSKTZULZNKVXKYOJKTZYNGRRHKVXUVUYKJHEGSGPUXOZEULZNKZUZGRSKSHKXYULZNKTGZOUTGRGYYKSHREGTJGVVXUBKJHEZCUZNOXJYUXSUXKULZNKZUZGRSKSHKXYULZNKTGZOUTGRGYYKSHRE"
c,"GTEVKXYUTGMGOTYZCNUSGSUZOUTLUX"
c,"OSVKGINSKTZNGYHKKTVGYYKJYNGRRHKYAYVKTJKJLXUSKDKXIOYOTMNOYVUCKXATZORZNKOSVKGINSKTZNGYHKKTGJPAJOIGZKJ"
c,"GJKIOYOUTUTOSVKGINSKTZYNGRRTUZKDZKTJLAXZNKXZNGTXKSUBGRLXUSVAHROIULLOIKVXUBOJKJZNGZOZYNGRRTUZKDKSVZZNKVKXYUTOSVKGINKJLXUSIOBORUXIXOSOTGRROGHOROZE"
v,"DSZQXXDOWCEEDCWYQOVNBPKIKVTXCOUZMSJ"
v,"MSVDCOCBSWOCVZYBZQWBSZIG"
v,"DSZFNZFWZRMZAYXBPVGQKWGPNKOZAXMCVHRMCZDDLWDQ"
v,"DSZGXFPMSRQYOMXPECSAOAPPUSNJTTYCZOBRLGZAODDRNSYOVNZPJDUOLIRJVWNHJDPVICRZMWCIDCOUVPHOWKEZTAYXOVNZPJDUO"
v,"XLOWXXLGWCITIHQOCZDDLWDQXPVJFNKDCOUVMZDAODXFRLPYPHKNO"
v,"SENVJVWWSCRPYICIZAHQODOOCOEJDAYEZQCMTOWIOYNFNCTYWWQLWFXKOVGYBPNQASMZRKILXH"
v,"DSZHNBCDHXBJJTCRPMSYEMGWLYQFCAOLNVJVWXCWCTNHXPECSTYCZOWZPIWWCFGOJXODHBKOEOLOYOWBVLIRBDSZFNZFWZRMZAYXBPVGQKWGGNOVPBRPTXOCSZIOWNDCOUVQJFVEWVHNKYYQJBCTCDDLKCUSNTCOZPVQNPFGIWSQDQJDTJBKKDZRXXECSYBTIQRZWZGXPQMSNNZHOWNOZAXMCVQH"
v,"DSZFNZFWZRMZAYXBPVGQKWGSWNPVJXBEJAJSYOORXTIHNBYVHRYYVZYOLXSJXONVJVWMSWYFIQNKWGOPQCZGBSGZKJBD"
v,"DSZOAWPYTXBNZGBRLGZKONCOAQPYKRDSOVNCLXFNNXDGBSZICOXLOWXXLGGNMFMWCILIRCRPYSOOYNSXPECSUKYYOWNECSRBAJZRDTXOUXPPHAKWDHHCSVZULPHORXEVWWOO"
v,"DCZOCSPNRDVJXCWMWPRNNLIRYBZHIUQLOSMEYYSADSZQXXDOWCEEDCWKYYHQORZBNBLGZHBPXCPXTUSMBFGSBYQDBCOCIOCSZIOUVLRGQKWGVJFPOVNCLHSNPQZQCKDOVNNZHSBDTXZJGDJTCRPMSYEMGWLYQFCAOL"
v,"DSZGCKEPGXPLGWNXDNVJVWWSPELMOWDPZRJCAMSBMCDPNNMTWWDPMBJDTJBJVWVKJXOOFNKEDSB"
v,"KWGDDLWDQXPQDQRKWNGQKWGPNCPMJJXENCODSZSWDTMSYOZKZNKYYGQKWGPNBPNDXXDDPUOQJFCRPKSXZWZ"
v,"DSZGCKEPGJXOKCUSEDQJVTHDJBEDOUSETCOZFWZRMZATRMTVZBCSVZULPBIJBLIHNOOVGYBPNQASMZRKILXH"
v,"DSZSBDLWZRCSHSWDZADXVTOWLKWKOADTZGBRLGZKOQMSNKYYHQOAGIAKWKOADJNMBDPHGQKWGPNQFVFJXEZSM"
v,"ZZGWCSNVZYKCOWNCDCOUVMZRNWZXFJDTXWWDSZWAYMESLDTQSBYCBOWSKVHRYYVBMKNOWESEDSBKYYGQKWGVJFPOVNXPXSBCLMMXBRVBRJLOWXXLGOABLIUNWPIHBPZMHQOAZCYVPOCYKCOWLSAVHNSYOVNPZMAJDTJBXPECSYYWDHRMLGKRVW"
v,"ZZGWCSNVZYKCOWNCDCOUVPIXXIECSYBZOSLDTJBXPECSBDLOSJXOHOHLPKFXFTYSMGTOVXZPMOCSZIOUPFIRBLJOVNCEVHNEYYSADSZQXXODHRYYNOBZCZGLBTWSMLJVQC"
v,"SQOVNZFMDXCPNCAKNOWESEDSBYQVDXVTOWLKWKOADJVFNMZIHAKCTHXDSZTDXOVANXEVZMOXJQAKEDQXBOZFCRPBCEOCIANXEHOHLCDBPKYVQCSZIOPKTIGCSEDBCRPXCWCEDHDDTJBJVNJIADQJFRDDYWBCZGICSZIOWNECSYYWDHRMLGDJBETGQKWGPNNTNGXVGZRRXLXQXBOVBLOHDHQDSZRNMTNWXXZAHQONJBBDTOICSZIOUMZPFC"
v,"DSZGCKEZGQKWGGCBTQSCYDPGCKTIOWNOZJNVZKHQONPZCECVZQOCDHJQPVBMDZZBQKYXSWKEDCWKWXIUDFMS"
v,"MSVDCOCMWPRENOWNOPHRODJTLSEDNNXD"
v,"KWGQRDTUSWCDCOUVMZOBCFMSMYQCIVKYYWPXTOMJXORCADSVBMRLQSCRPMWPREOCYECNINRLKDRXPNGRDDCOUVMZHQOOPHHYQOVNCEVHNDZXCWPTMAJXOBIJBLIHNOECSOEYYOVOYOOUKYYWWFTJZJLWZVDWLIFRQSOGXPTIRRFTYIJVD"
v,"KWGQRDTUSWCDCOUVMZSZELGPNPZMSCRPGOFKYYHQOCZGQKWGPNXZYWBMCDARXLOWXXTIDXVTOWLKWZQXXZHWLCZXWJVZMQDVEPFJVWDTNYYVQLYFIHXPDZLAOWDURYYJFBYNDOUCEVHDC"
v,"XZKFRFTGSPOOXOBDPNVJVWWSAONJUWSKZRXBPQSAODOOKVTNVNNTIOWIQJFV"
v,"DSZOFKCYWWQZARNMZMOCSZIGXBODGCSYXHRYYNCORZICASYVBHPZMABRLGZKOPATNMEDJNYYGMOYCMSLSADSWDDVBMXZKFRFTGSPODNVJVWZBBEPOVNBPAFXW"
v,"KWGQRDTUSWCDCOUVPIXXIAZFBYYVZUSMZFCIYJDNBDJBBRLGZKOLMFNCEZRMOEVWWOONSJBNCSMCPDNNNZMWWDPMFXQLOSMOIXSYDLNDAYGDRNNMTOLDYJDNBDJBBRLGZKOAPBRCSZRYVLXSMEYYSAZCZJNXEDJNBPNHASNOWXXDJFBEMESLDEJWWFZGIWDLMMUKMJFNHNZDCKDKFXFTYSMLJVQCKYYHQBZPUQVLRTDVAMCLOOPFNC"
v,"XZXWCSKZBBCSVZULPOCADFMSMYCWSLYXKSUVPYHXDPNHRPJVUJSYNHQSXNSUPTIQASXDBJVNVGNC"
v,"GLMFJXENWBCFZRKILEIMQPOVAYFBVMEPKFXMPYIAODPDXXECSAOBPSBDZAOYBZNSLEEJFBRLGZKOAMSBOYOSMSYXOBOZAOABPNHMOEZBCSZIGNSKPFNYCNSJBNCDAYGDRNNECOCSYVQJCPRVNBPVQASXDBJVDPGYONOWBKYVDYBPCSWNPYTUKRMOWDPYSUSNOCXBHCSAOECSAOTNRJXRZFCRLOOYOCNCWCFNDNMEZRXPNJAVSEOWWQLXFRWPKIWSDCOKVPWMRWAMWBYYHSWDZAHQBPZMNKCNCAWZMSVKJZGLKAZCANPNHAYJZJRNPIQNSYQSBDTBOCSGZODDSJFRDTZGVKJMSZEPNHJXPSDXCEAOLDZROABLIH"
v,"KYTDNBDJBFRZDGJBCZGCOOJFMOEVWWOONVJVWCOEOECSASRCHCYAMCVZEVGBSDOOWMPJTLYFIGNVHCSWKNMWVSYVZMOQZBMKYOWBEYVPUOEJGNMFMSLYFIGNVMTVRCZRBNPQJFCCECSBDLOSBRLGZJCDDUWMZPBBOWACADSZRNPPIRJXEVGYBPNQASMZRKILXH"
v,"XZKSACZIGQKWGPNKCMSBDPYCANPOORXPYKRDSJICLPDBPSYACAWPYCODSZFNKDJBCRPMSOYCVBMYQCWBBTBVCDZVGBSDOOWMPJTLYFIGNVECSOKXDZHOEXOBNPNWPXLOSMLJVQCYQVDNBDJBJBCZGCOOJFMOEVWWOONVJVWWSWYEDTROORWCRZPHMOWVMXPECSAOLNCWPZMOWNECSCSXZOWNAGOLOZAHQOLMFNCEJFMOEZBCSZI"
v,"KYTDNBDJBFRZDGJBCZGCOOJFMOEVWWOONVJVWCOEOECSASRCHCYCZEDODOHQONJIADEJFNFTZKCRPGSPKWDHHYQOVNKCMSBDZMRNDPIHRYY"
v,"SYVQJCPRVNBPVQXXQZGBSZIWBNPZANNEJVJFPWSNXXVRNKRVWWCEVRNPPIRJXENKRVWYINDZOCADFMSESZGSWMPDBCSXDRJDTJBDXOPZHZCJZXXRZRJBCZGCNPXSRDZMSCMZMWWKNVGNGSZFNKNJBOODNWXXTNHQOZIZHOGDRNXNZOPKTIGCKOZTNXOVBCSYVTXBXVZCBTVZBENCOLYYASBCTJBBRLGZWYEWSJNXDHCOOVGNFTYSWMPJTPETGHWYCNVJVWVRNPPIRJXEWSYEYDGQOOWMAOLNCWYQNILRLXCWPPNGRYY"
v,"XZXWCSKZBBRLGZKOAMCBONPHNNQJFJXLXHFRTXVMYPNBXDNJBBDTOICOLXFRWPPBMOCOVNKNOWWPZMQNKEOVNDTHSRDHVGLYXHWCDPYBXBDCOUVSZPNZWVQNNTIRXEMGSSOZKOANJ"
v,"XZMSBDCDQCSZIGBRLGZKOTHDXCPYIYYYOVNZZGWCSNVZASRCHBYQVBHMTOWIOYICACSVZUKYTDNBDJBKOOZDASGZRXPAMCYOCOMASRCHBLJHSJXDJTAOEMCJMEDJNVPBWBVLOWXX"
v,"XZXWCSKZBBRLGZBEQASAEYAOEYCVPUOEMSJDXZBCYYVQLYFIHXPLIOLDYJHXPSDGXGYYCRXRWICMZHARDEZRKILMSUKEDJNKWGQRDTUSWCDCOUVPIXXIQMSNNZHCOBPNWMOYXSJXOOVNBTBVCDZHCEOLOKRVW"
v,"KWGQRDTUSWCDCOUVPIXXIQMSNNZHCOYNXIYKEDCW"
v,"KWGQRDTUSWCDCOUVMZTAOPAFXWTIHAEDDCWSYOCCRPDFYVLXSXPCZGRNPIQNSYXOBOZAGNKCXVXBDZWIECZWWKCZGRNPIQNKHVFAKYOWBCFZRKILEIMQPPDXXCZEDODOCOKAMCBONPHXBDCOUVMZDAODZBCOO"
v,"DSZDASGVQHYQICLSEDNNXDCOUVMZWWPCDBPOO"
v,"DSZDASGVQHYQXCABPNDXXOZBLOZABXMTOWIOYNVJVWWSRXQMWWQPY"
v,"KWGQRDTUSWCDCOUVPIXXIQMSNNZHCOMZIGLSPIQN"
v,"KWGQRDTUSWCDCOUVPIXXIQMSNNZHCOBPGWPSZI"
v,"XZNHJDPMSUSRDCWCSVZULPMSLYRIWIOOVBMBPGWPSZIOWNDOOCODCOUVMZGNZLMOCOO"
v,"KWGQRDTUSWCDCOUVPIXXIQMSNNZHCOCAZSLRLIRCRPKFNCDVBMPCZSMYXJTJCDZAKVJVBMKDNCLSLOWXX"
v,"VTXSWCTIUXBNZBBYCNVRZZAGYOPXVJXOOVNZCZGBKYYZRMPIGRXRJTJCDZAKVJVBMKDNCLSLOWXXDCOUVYJHKOAZFVSEOSM"
v,"DSZGCKYYOANDJTWOHNGNBGDQNKYYPAYLYQJCEAOLSWDHRODVBMWLOHNBDISLODNOAIEJSWCFMSCRPAIWMEDCWCZABNGDKOYOCNGQKWGPNNPOSAWTISMLJVQC"
v,"XPDHQOCNDNONCBXBECSYBPNGBRLGZESZGOCOECSQYYJFXBCDUQDDJTXDSZFYOCNCWCYJFDXOZFVSYZDDLWDQVYCVZBYCNCLSLGSCRTXGBRZPZMCAZSLRZMHQOAMSBCGDCUKEZHQOSJBXBZMFRQSOGXPZOVNBAZFBYYNQUKTHGVKJWSVKOZTXBECSMKXVUNBPNIUDTIUCRPMSOBZH"
v,"KWGQRDTUSWCDCOUVPIXXIQMSNNZHCOVPVFWSYBOWNECSJBEN"
v,"DSZFRQSOGXPLPHQYCNWWFPIHXBDNQROYOWBDDZBPSYZSACLIRJBEDGCCDCOUVMZDAYEZQCOOWMJME"
v,"DSZFRQSOCOZCJDNBETCOKWGQRDTUSWCDCOUVMZUDKCVBCOPYHQONJBCOYOGJXOGWVSEVHRYYNHQOCZCOCSVZULPYSCOCHWWOOWMJME"
v,"DSZSGOCXWBOZADAYAZFCICDUQDDNVJVWXCWPZMACYECSYEMGWLGPGTJBP"
v,"OIKFXZCDOCSZIIBOZMFNCEMWLDTJBXPAMWEKEZDAYAZFCIQMCVZFWZRMYZQNCDDHHKYYQXWAZBBKEDCWDSZFNPZMGQKWGPNQZQSAXPYPHKNODAYGDRNNECOCSYNILRLXOBOUPGCMZHDNXDVHRYYNVJVWWSYKTY"
v,"KWGQRDTUSWCDCOUVSVJNDSZFRQSOHXFZOSDXOZFCRPXCWNTOWXXDVGYBPNQASMZRKILXH"
v,"KWGQRDTUSWCDCOUVSVJNDSZFRQSOHXRZGRYEMGWLYQAWLOFIRNBECSLYYYWCSZIGJCAMSBMCDPNNMTOLD"
v,"KWGQRDTUSWCDCOUVSVJNDSZFRQSOHXZPOWCSZIWWGCDHRXROCJXJBCEOCIANXEVZJQPIQHEYYSADSZQXXODHRYYNOBZCZGLBTWSMLJVQC"
v,"DSZGCKEZGQKWGPNYMGWPKEZRCYPSOVSYZOUVDPQQZPOWCSZIG"
v,"KWGQRDTUSWCDCOUVSVJNDSZFRQSOHXDCDOUSYXCWPZMARDJRWCRECSJMEWMSEOBSBAFVZRPTZRDXOZFCRPXCWCEDHDDTJBJXOOVNKNO"
v,"MTOWIOYNKQYLMSWYEJBJMEDJNWTGWCKCTGNBGDQNYCZAYVZTSNCZAHQOXDZRDLMMOYCXSBCSVZUXZOPNDCDSMLJVQXECOAJBEDOUGTOVRXECSCOCMWCYCTCODSZFNZFWZRMZAYXBPVSGMPKHRXNVGNYQXFRWPNOBZCZGLBTWSMLJVQCSYQCUFTIURWAJFCKYOQUKDNWOSPYARVTOOAITITXBXVHRYYNSWDTISUCDZBCBJKCBDDOVNCFKDUIZAVJBXAIUPZJRJXOWSEOCVUNCAMWBYYZFBYQROAKYYARVTOOAILMHRMWZGJXOAOLSWDHRODVBMSYOVNMLNSXPECSYBZXZJWLOWXXZASGDCVCANTIOAIXVFCSLGZJG"
v,"KWGQRDTUSWCDCOUVSVJNDSZFRQSOHXKDKSNNJOFRKWOVNKNXIBOONVJVWCOEOECSASRCHCYLKIKVTXHASLGKRDSJICNPGOHSYOVNKMNSWMPJTSEDOWOSLWZNBPVGXXDOCCRPXCWDCVFH"
v,"DSZOLMFNSMCSVZULPKFNCFHSMSYICLOYOIWDTGOSEOBANXEJTPETGHQKDWSNXAMCWYFIQNN"
v,"KGDQCSXJTJMCDANCSVZULPZBCSEGSMDZHOTOLNHJDPHSWDOPFRXROVNZCJQNOODBPCZAHQOEMWJVZAHQONVGNSYQCUFPYOBEYYSADSZQXXODHRYYNDAODXFRLPYPHKNO"
v,"SYVQJCPRVNBPVQASXDBJVDPGYONOCAKYVQLEDZRYOCNCWGSJVJCMZSWZWVQNNFIRNBOZHNXEDCWSDICCSYYWLDPYOBZCJJRNPYPHKNOCASDVQZETOHNNMTOLYFMHQODCOUVMZSWDTOZNNEJQUKTHXDCEXCVZPIGJDTJBOBZHHQODOOCOFIRNBECSLYYYWCSZIGJCAMSBMCDPNNMTOLD"
v,"SYXOBOLKSACZIVJCDPGCKTISMNLHOPODWMJXFIZJGQPZJMEXCVWTOHNNMTOYEMGWLYQAWLSLGWWDSZQXECNSXPZATRMTVZMEEDSBRPHOHMWVWVTFNHLYXKSWCLOWXXQMCVDSZGCKEZCAZFWZRMZMUJXTUOCSZIIWNPMHQONJBMSEDCWCLNDAODXFRLPYPHKNOWWDSDGLKDZHQOAPPUSNJTOSNDOUMZIQNBYZRBRLGZWYEWSRWXPBNPCJAUSLWWUSEDSB"
v,"SYXOBOLKSACZICWKNOWEOXDZRDLMMBOCQWLOZMOWOXKZXIPZCODSZARVTOOAIQJFLODVDXVTXSXPQDQRKWJFXDSZFBKDKFNCNMWKOOWMJMENIBDLDBBNLHOPODDBLYYISLDTJBFSECHQOAZFOYCHOWMPJTXPQDQRKWYICSPNGDMSVGLYXWOCKNOWXXOMWUVLIRBYQJFCRSZGQKWGBXDMZSWDTOZNNEJOLVLDAJQLDBBDECSBDLOSXBAPPUSNJFPKYDNJDTJBXXECSPBZPBMCZAIWVLRTDVLXHBMZHARDEZRKIAPPUSNJTOSNDOUCTIHQONJIACPJTXPQDQRKWYICSPNPDDDCOUVMZSWDTOZNNZIZHDZXCVZPIGJDTJBBKDKFNCNMWKOOWMJME"
v,"MTOWIOYNKQYSVJNCFATNBPYPXNTGMRXUPFHYCYSJDSYINDZXFRWTIOUKNOGXPZOVNBDHOHBPXSRFPVWMPCJACRPNHJDPPBMOCOVNMZIRRDTJBBKDKFNCNMWKOOWMJME"
v,"KWGQRDTUSWCDCOUVSVJNKYZEDKWMWPREOCJXPYILKEDCWMZMFNCAJBMSYBHXDSZWAKMDZRDTZG"
v,"KWGQRDTUSWCHCCQKGZQQSWYFNXEJGDZAJFCCSVZULPMSBZZIGRLWZOCVPVGCPZMHQOTMSUOXZBCKCTSMENVHRYYVBMYECSAOOPQJDTJBJCAMCESOZRKILXH"
v,"MZHDDVDJFHOOPQJDTJBBRLGZKOQMSNYQXVJBRZ"
v,"SYYSYOYYSWMPKFXPPNGRYYVZRCXVBMZZGWCSNVZRWAVFCSLGWCIZASMENVHRYYVBMDSZODDZICVIZAWWCEDHDDTJBBYQCWPRPMZNKCIWWQDCOUVMZUDKCVBCOPYIWNPMHQONJBMSEDCWCLNDAODXFRLPYPHKNO"
v,"DSZGCKEZGQKWGDAYXJHNVTASUYYBSMENVHRYY"
v,"PFIRJWPIHJVXVHCOCNDNBEVWWSYBHXDSZSMENVHRYYVZBIDOSVSYXZDNTIURXDXVXYWVBMVTASUYYBSMENVHRYYVRVSYDGCBLOWXXQDBJXNZOWNECSBDLOIBYQOSJMSZFBCSVZULPYSCOCHWWOOWMJME"
v,"KWGQRDTUSWCDCOUVSVJNDSZFRQSOHXGZMYCRPNHJDPNVJVWZBMOLQCADZKFXWZOSCRPZAYVZTANXEJTFYCFSACLIRCYRPOAKYOSNYAOWVEXROPODOVAYFBVBYNDOUKYYSLYYJARMXZOWCLIRBRLGZNXQJFLOLHWWSXPAFKRZGHCEZADXOZFCRPXCWNTOWXXDVGYBPNQASMZRKILXH"
v,"KWGQRDTUSWCDCOUVSVJNDSZRDDJOCFYCFHQODOOCODCOUVAMSBMCDPNLJVQCDSZSGDPIHJXOXCWNTOWXXDJTCRPYICIEJKXBVDBLYYACAWTOMFSECRNWZXFJDTXDASYXWYVPN"
v,"CEVBMKCYGXPHJFTSYBQXXODHRYYNGQKWGPNNPOSAWTISMLJVQCSYNILRLROHKDOCPELMOWDPZVDWLIRRQYDHH"
v,"CAZQRKWKFXDPXHRYYNVJVWWSJMNJFMOOOCFYCFWWQHJANXLIRCRPTGQKWGBXDMZGDLUZQCOOOCDXUPGCNTNQASXDBJDTJBRXEZFVCZASVZWJMVOYOKJQPNOWNHJFTSYBQXXODHRYYN"
v,"CAZQRKWKFXDPXHRYYNVJVWWSJMNJFMOOOCFYCFWWQNCWUNCZB"
v,"DSZCYZZMHDXTOMCYHJFTCSVZULPVQLYCYSMZCZTNBPIHRKWGMDXOZFCRPXCWNTOWXXDVGYBPNQASMZRKILXHCYECCBOHCCQKGZURFPIRRCEDBPETNVNNDZFESNZHXDSZGCKEZKXEYYSMFPOSAKYNOWNAJZRMPHSWKYYANWMZFBYQOVNLPMSJFPYTJWTGWNCZAARVTOOAIDZFESNZANXLIRYYWDQNWPIYRVWZRRXLXHRYY"
v,"DZZBQKYXSFYCFWWQNJBMSEDCWCHJFTOCNGQKWGVJFPOVNBTBVCDZDBMOAZBMOYOOBCZXWJDTJBLYWGSLDTQSKKCBORXTIUJXOXCUVPXHRFPVQCSZI"
v,"YYGMCRZNSYEMGWLYQAWLSLGGFRZVFNNPNWPXLOSMLJVQCCSVZURLQSCRPMWPREOCJCDJQRKEDCWMZGZNMEDJNLLMUJSYDBPKYYQXVWZQCSGZOLDTJB"
v,"DSZFRQSOHXMZGZNMEDJNKNOWXXZAKXBVZFBOXKZXIPYPHSXKCADLIHMOQZBBOTIRDCEMWNCXVMKOPDHQOCMSBDCDQCOOJFMOYDSMEYYSADSZQXXODHRYYNOBZCZGLBTWSMLJVQC"
v,"KWGQRDTUSWCDCOUVMZSWDTOZNNEJOUSQZKXBECMXPSPAJXMZWWQD"
v,"DSZGCKEZGQKWGVJFPOVNNFOMCYPIRNKGJFCYAMCVYEZGXMTVZBONPFRDJVBMGPGTJBP"
v,"DSZGCKEZGQKWGSWNPVJXBEJDAYXJHNDSZKNVQVFNKYYFRQSOGXPHJANX"
v,"DSZGCKEZGQKWGVJFPOVNNFOMCYTHDUOXZBCZZGWLSPNTXBPIVJXNDBPDSZKNVQVFNYQNSWSZMQRDTUSWCLIRCRPTCDXR"
v,"MTOWIOYNKQYLMSRXNVDJLWZCOOLMBRXRVZRFPGWQYZYRDOEJOYRJNWLKWYWBKMDZRDJYWBOLNSXVOVUNYCJHQOCMSJCZIGBRLGZKOAMCCONOSMLJOVNCEVHNEYYSADSZQXXODHRYYNOBZCZGLBTWSMLJVQC"
v,"DSZGCKEZGQKWGSWNPVJXBEJDAOGZBCNTNOBDPMGJXOOCYBZOSLDNDHRJPIGOBZHVJBXOVNBPAFXW"
v,"KWGQRDTUSWCDCOUVSVJNDSZFRQSOHXKSZOUDSTOWNAGSJCLIHNXGDFXXXZBCDSZGCKEZOWNLGZLSEDNNXDNVJVWZBMOLQCADZKFXDPXHCRPZBESCJBVOYO"
v,"DSZGDLDOOWMPJTCRPZBESCJBVOYOOUBTBVCCSVZULPYSCOCHWWOOWMJME"
v,"DSZGCKEZGQKWGSWNPVJXBEJSWCFMSLYXACADLWZNRZPGRXRACAKWGQRDTUSWCECFXERCVXEDDBPNPQSUYAHSWDAJZRMTZGJXOOVNVTFS"
v,"WLMFRKRZOWNQVARVJGWOODCOUVMZSWDPMSMSYOCJXONIBDLDBNNZIHQOMVGRCZAWWNTQWMELGRRQYDHHKYYSZELGWCIZAHQODZLNCLIRCRPNHJDPNVJVWYCNFPMMCRTIURXTOGYYHZFCYLXVROGZHQKEBCJV"
v,"DSZGCKEZGQKWGSWNPVJXBEJDAYEZQCWZOVNBSJCM"
v,"DSZVNKWOVXPLGZLSEDNNXDNVJVWWSYBZOSLDPYPHDSZGCKEZ"
v,"PCZSMYXNOWNCDUQDDJTLSEDNNXDNVJVWICCLPISPVPXHNNZIHQORMCDXONHQKEOVNILMSWYEZBDWPMOCOODBCRPXCWCEDHDDTJB"
v,"DSZTAOPYCVCLIRASRCHBYQXWCSKZBBWLTPNBPNHASNOSMLJVQCYYGMFRPIBNMPNGJBJACAXLOWXXLGGNMFMWCIECSVKTIHNXLIQNYQGOFKYYCANPMCAPZMDDLWDQFOWAOAOPQSWGSZBBENCFNCEMWLDTJBRCTHDXCPYBXODNSWDTVZJCAZQCYQOVNPCZSMYXJFASRCHBRLGZKOGDCUKEZR"
v,"KWGQRDTUSWCDCOUVSVJNDSZRDDJOCYKJOOGODPBMOCOVNMZIRRDTJBBKDKFNCNMWKOOWMJME"
v,"KWGQRDTUSWCDCOUVSVJNDSZRDDJJTWKEDCWKWYSOOYNSDXOZFCRPXCWNTOWXXDVGYBPNQASMZRKILXH"
v,"XZXWCSKZBBRLGZKOEMSJDPYIWPLQCAKMGMXXLXQXEYOCODSZTDVQDZUWPIHXPSDGXLWDUJDTJBXPXDZRDLMMBOCQWLO"
v,"MSVDCOCOVNXLOWXXLGOBCPHPUI"
v,"DSZZNQTNZJDTQSYYHZFBRLGZKOGZGCOODBCRPIOCSZIOUKDNSVLWT"
v,"DSZBJDTJBJVLNGNWMGMBRLGZKONJAYYDZRXPXZAKOCNSUONOSMLJPBRFPMGJVPLIJVODFNMEVBMCPXFNDMVZUYEWMCRPXWCSKZBB"
v,"DSZBDWMZFXPXZAKOCNCODSZBJDTJBJVLNGNWMGMBRLGZKOOZHNBXDBNNMTOLDMPHCRPIIVLPMGQKWGBXDMZZNCDOVJX"
v,"DSZQXXDOWCEPIQRODJTVOXWSACZAHQOYVHRYYVZJCDZAKVJKFXZZMHRYYVZAOAMSBOYOOCSZIOWNZOVNBXVHCOCNDNBEVWWSYBHXXLOWXXLGOBCPHPUIPGSLDTJBBCSVZULPYSCOCHWWOOWMJME"
v,"DSZHNBXJTXPQDQNYQHSVLPMGXPECSWKEDCWKWVGBOXWZHCSVZULPACDBJZOAC"
v,"WPHPNBDJTCRPIOCSZIOUKDNSVLWTGQKWGBXDNJBLECMSWDWTVXVOVBHYECSAYQAWLOAMSBMCDPNNMTOLD"
v,"NFMWWQECSBODNWXXDJTCRPIOCSZIOUKDNSVLWTBXWPHPNBZAHQOYVHRYYVZJCDZAKVJNVJVWWSJBCZGCOOJFMOEVWWOORWCRZPHCRPXCWCPIHXPECSWKEDCWKWVGBOXWZHOIXSYDTIQJCPJTOVLBFJXEZRNVTXHX"
v,"SYXOBOZAOYZCZVNXDDCWYCYSCOYOWXXZAOVOXWSAYQOVNXLOWXXLGOBCPHPUIAMWXBEJHQOZKSWSYBCOKDZGBSZIGDMSHSVLPMGQKWGPNBPGSJCPYRDBTIUCRPNSBCTJBDZZIHQOCZEDODOCODSZBJDTJBJVLNGNWMGMNHNZDCSYXOBOZATUKRMOWDPYSUSNOC"
v,"XZHSVLPMCODSZBJDTJBJVLNGNWMGMBRLGZKOSZZMBPNDXXDDPUOZPHBSOZHQOYVHRYYVZJCDZAKVJACAYADBRYYNCOPTXWJVWTSGZCZGBOOJFEYEZGLKDOWWDSZOBCPHPUI"
v,"WPHPNBDJTCRPIOCSZIOUKDNSVLWTGQKWGVJFPOVNNFOMCYXVWWDLDBQSRCGCKYYOANDJTRXEZUASET"
v,"WPHPNBDJTCRPIOCSZIOUKDNSVLWTGQKWGURFPKFNPPMSWMPOCWKEDCWKWDBCOCZGCCLIRBRLGZYOCACAWECSRBOPHRODDBJMNJFMKYXSFSECQXXDXWNXNZ"
v,"WPHPNBDJTCRPIOCSZIOUKDNSVLWTGQKWGBXDLXEDSCZHQBZPUQKMPGNYQOVNSCKCBSEDCWCCDUQDDVBMSYOSAODOGRXAMCYOCOMXBAJGRDTJBBYCVGBSDOCCRPMDNBDJBBDZVQZETMSCRPNOVOMTANKYNCOMZIHAKNOGFSECCANTNDXCTOWXXDWMCRPNHJDPKIKVTXCAQLIWIKEDCWCZMWWNFNHASPN"
v,"KCZUDVLMGNCDDCWYQOVNXLOWXXLGOBCPHPUIDCOUVMZQXXGZBNNZIQNOGZFHIPVFDXOZFCRPXCWNTOWXXDVGYBPNQASMZRKILXHJXOZLCBLJFMSYVFHCPNGRYYNCODSZBJDTJBJVLNGNWMGMBRLGZKONJBEOYZRDZZIHQOCZEDODOCODSZDAODDRNXEJFXXPACDBECCAWZMSXPECSCYEVZVOXWSAC"
v,"DSZDNBTJRXPCZUDVLMGNCDDCWCDCOUVYJHNHNZSMKSPBMBPYRJIDVBMDSVHXPPSHAKZMRRXLMMBODNWXXDOVRBETRJID"
v,"SQOVNZCZGRNPIHAOBPSBDDOVNMZIJNXTIUXPLISGDCVCANTIOAIDZGBSZIHQOAZFRYOJTCRPNSBCTJBJXOOVNBPVGXXDACADSZFNAFZGCCSVZULPXZNKCGMBZPXWOSPY"
v,"DSZBJDTJBJVLNGNWMGMBRLGZNVPXHXXPNDNKVZFJXOOKXFTXSBZPVYNBD"
v,"OIXSYDLNCCRPMKRCPKFXFTYSMPZMWWDSZQXXDOWCEEDCWYCDBJMEOVNKEOSWNLIQNYQVAJTZMWCIZAHQOEJHJVXZAKOCNOWNECSLYYXIABPIHEYEZCOKXVXXBTOMXPECSVOXWSACAMSBOYOGQKWGPNXPXSBCLMMOYCYSLSDDCWCZAHQOYVHRYYVZJCDZAKVJDBLKDZCOKEDSEYEZHQOXVHCOCNVJVWWSAORVFMOOVGAOUZQCOO"
v,"CPNGRYYNCODSZBJDTJBJVLNGNWMGMBRLGZKOZKSWDZOVNZFWZRMAMCESOZRCRLOKQOYDHRCOZQRNPYGXLJVAJTZMWCIZAHQOXZAKOCNDAODZBCYCRVNXECSBZPVYNBOZSVCTOBNMPNGJBJOCMYDJTXBECSBKVZCOXLOWXXLGGNMFMWCIECSHWLTPNMWJGNNEJHQOAPPUSN"
v,"DSZDDLWDQMSDXZXCFMSXPECSYBZXSNNTIUBYQNSBCTJBBGSDQQGPMSWYEJDNXEJHQOAPPUSNNVJVWWSMOEZFVSYZRKILXH"
v,"LTGZBKYYCCRPMAJDEZFBCFWARDEZRCYECSWKEDCWKWVGBOXWZHPZMRNVTWSAKEDCWCSVZUXZOPNKMVBMYYZRXXECSPBZPBMDSVHCRPTKNBPICCKNOSMEAJBMECDBPDSZGNCDDCWSYRVRMSOVNIHZFNSYOFXNFXSMOIXSYDTIOLKDZKQOCZHQOEZFVYQOVNWPHPNBDJTCRPIOCSZIOUKDNSVLWTVJCPSDRBPY"
v,"LTGZBWLTPNSYOFXNFXSMLJHSVLPMGXPECSWKEDCWKWVGBOXWZHYCWMCRPZLNMFOWEO"
v,"OLXVKSWGDJCDZRKIECSWKEDCWKWVGBOXWZHCSVZULPNSWDEJHQOPSSLEEDJNKYYHQOAMSBSOZBCCSVZUZCJADVRVHNSERWCRTITRPEZSWNLTG"
v,"SYXOBOZACKTPXHRYYOCCRPWWUVECSYBPNWMOYOAJIHDHQSYOVNZPMWXNCZTNBCZRCYTIDJBLBFJZS"
v,"BPOIAXTOHXDSZBJDTJBJVLNGNWMGMFSECKASEOSWOIKZJXLOWXXZAVRCZWXNMEDCWKYYFNAFZGCSEWSAONJBBSOZFNNECSYBPNWMOYOAJIOJHQODVANNFMWWQLYXXECIANXEJTCRPIOCSZIOUKDNSVLWT"
v,"DSZDAODDRNXENVJVWICCBPLINCEOVNXLOWXXLGOBCPHPUIEJFNMZIGRNPMHQOMDZUSYKOADZMKRDSKFXZZNSMKXZBMWPIHB"
v,"SYXOBOECSAOTNOAOBPSBDQJFAONJBBSOZFJDTJBXPLWWUVECSWKEDCWKWVGBOXWZHCSVZUBPXCWCTYSASEVBMSQOVNXLOWXXLGOBCPHPUICZDJCDZGCRPWWUVTIHQOZMWPSYVZOYCHKRDSOVNKEOSWNLIQNYQHCAOECOWYYZVJVQJTCRPOCCKWHSVLPMGJXORWCRLXCWMFMFNXEQCCOZAHFYECWANDJFVYCZCODSZANWMZFBZCZGNXEDHBRLGZKONJANKNO"
v,"SQOVNZCZGRNPIHMYPNBXDAMCVEWBOCOECSKSWGCANZZGWYEMSZEPNHCRPIOCSZIOUKDNSVLWTHXBPXCWCTYSASERWCRTIHQOAZFRYOMSOOCMSMDZDBYKCVUAKACWCCSVZULPXCVOLXH"
v,"DSZDAODDRNXENVJVWKFXWFGUJDPRWCRZPHMOWVMCRPVQCKDAWWKWDNNNFIRNBAVFJQCVDQCLIRRPECSYBPNWMOYORXODICCZCJADVRVHNKYVQCGTOVRXQDJNNLTGJPEZFRDSVGKONJANKNOIWNPMDJBLBFJZSJFJPEZFRDSVGKOPIFNDFMBNNEJHQOPSSLEEDJNEYYSAZLMOPBLKVCRPNDNKVZFBRLGZYBZHIUQLOSRD"
v,"OIXSYDLNDAYGDRNNZOVNBHDGNKYVQCCSVZUDLFSNPQZQCDHZBCIOVMBKQOSADSZRJDPJTYBZHIUQLOWXX"
v,"DSZBJDTJBJVLNGNWMGMBRLGZMOWDPNBLOSJXOYSLSOZIYYYOVNXLOWXXLGPDNRZHKSWG"
v,"DSZSGONPHRFPNVJVWACAWFGOCOECSKEOBSCLTGZOYCZOLRQDGLKWTSJBLIRBEMHWCSEOCCRPIOCSZIOUKDNSVLWTKRDSDBWSYZHHNLTGKOQJFNDSZPNQTIBRXRJTJPTNQJVJZOADSZBJDTJBJVLNGNWMGMBRLGZMONDRNEAJBRDHDHQSYOVRBETRJIDWSOYCZHQOMZURXYDBPYQOVNPTNQJVJZOA"
v,"SQOVNLFYUNDMDZUSDICCZLNGNNMTHQOMZURXYDBPYQOVNPTNQJVJZOADSZSGONPHRFPHOHSYXCWPZMARDJRWCRECSKEOBSCYQOVNZCZJRYFNTRCNVZHOLMRRCMPFBOQPBMCQJFCRPACUVZRWWQAPFYYDZGDXEDZCRPWIMQPOPRVWDGYKDNSMLJOVNXLOWXXLGOBCPHPUI"
v,"DSZAJSYOSWKYXSJXOJDNBLOWXXZAOPOYXWNCLIROKNDZRDTZGNCEVPUSDCSMLJOVNMZIGCSEPHRYYJFJME"
v,"OIZQDDTJBXPECSXLWDUJDZMMNHAZBMSEPFNCLNDAODXFRLPYPHKNOOWN"
v,"MZIHRXFVHRYYJTYBZESLDDKFNFTJIBVJVDYBZQSMSYOVNLFYUND"
v,"SYVQJCPRVNBPDHRCYZQNCDVFHDZHOTONJBCSYPWWQODGKECNSVOYOGOYCVDNBTJRUYYBSADSVBXXPAWBMLGMNKCOVNOIZQDDTQSBRLGZXLEVWWDSZOYZCJJJVZAHQOYVHRYYVZJCDZAKVJACAKDKSLSQDSMZPMWXNZAHRWP"
v,"KCZGNBGZTDXONVJVWWSJZAMCEOOWMCRPIOCSZIOUKDNSVLWTWWDZOOUDSZRRCMPFBOXZBCYQOVNBPNSAFPAIWNDCOUVMZOYZCJJNNOPFRXROVNXPSHBODNWXXZAHQOYVHRYYVZJCDZAKVJ"
v,"GSZBRDTNBNMPNGJBJOCJWPIRCRPWIMQPOHQOPSSLEEDJNWLTTXBXPZJDPVGDZAGSVOYOOAICZJRCPYPDNRZHKSWGOWNDPPVSEDHCYECSWKEDCWKWVGBOXWZH"
v,"DSZBJDTJBJVLNGNWMGMBRLGZFSECCDDECSLYYNSWDZAHQOPSSLEEDJNXPDHQOCDBLBPVGNDSZGDWZAOWITOSVYQZLYOYYWCECZBXBNMSJDPVBHXPRWCOXNCOOIKSWNTOIAOTIHQOMPRPOENIKWTOHNNMTHQOPSSLEEDJN"
v,"GSZBCRPZLNMFOWEOAGOWCEJWBCFZBJDTJBJVMJBMCZMHXMZIQUEOZQXXEMOLDDRVRMSHOHSYXIAPTIOWMTVZXLWDUJDTJBBYYOVNCEVHNYFOGRNPOVNLFYUNDTOGQKWGVJFPOVNZCDCAMZIQDBCZBLOZAHQOYVHRYYVZJCDZAKVJ"
v,"DJKSBKYYFJDPNCODLSSBCSVZULPYSCOCHWWOOWMJME"
v,"DSZBJDTJBJVLNGNWMGMBRLGZQKGZHQOCDUQDEJQXXDZBCDZOVNMZIQUEDDCWKYYFJDTAWLKEDCWYQ"
v,"DCZOCSPNDNBEVWWSYBHXWFOIJVLNGRCEVBLOZMADDFVZBONPFRDJOFNKEDSBMZIQNBYDBPSXKCADLIHRXEZFWKEDCWKWJFPKYDNJDTJBBDCZOCSPNCOPCDSWNDCWYDCVRNKYYBJFTBOCSZIHAOLOWNCAZFCKTIWWQEJOWICZGCBTXHRYYDBBYGZFNSRIHHZPVQNDCZOCSPNHAOLOWNCHCWLRHDZULFMRNXECSBDLOSXBAZCYVPRWCRLIWVZZMHJXEAWWKYXWJVZWZRQLOWXXZMHAOLOWNCCZZJDPYHXVPBWBVLOWEOXVHCOCN"
v,"DSZBJDTJBJVLNGNWMGMBRLGZJVDJVJFPOVNBTBVCDZXCWCPIHCYECSMONGOAKEDCWYQROADSZRRCAVHLRZAOAWPYTXBNZGCYQJFNSRIGCKEZGXBECSBDLOWXXTIUXPLGWNXQJFLODDBCRPOSABTOCAIZAHQOCZDDLWDQXPVJFNK"
v,"DSZBJDTJBJVLNGNWMGMVKJDBBZPXHJPQVWACZAGCKEZCASYQSBDTBOCODKSLSQDQVKEOSACZAGCKEZOOPLDFBKYYAJIOZAJXOOVNZCJRDMEDCWYQYCLEXZBCCODFNMEGMAOWVHNNECSAOEJHQOLKDNKCVBLOZAOFSEISBCTIDNBDJBJXOOVNPFMBRCSDBPYQOSBDTHCWIZMGCKEZANXENCOYADBRYY"
v,"DSZDAYNZRDBPNOWNZOVNBYZQNCDVFHWLOHNBDXCWMPMBRXROVNSYNDNMEDCWKYYWWFPNHRQLOWXXZAGCKEZOMWTIWBDCVHRYYNVJVWWSMOEZFVSYZRKILXH"
v,"DSZDASXZARXTNHNBXZAKOCNCODSZGCKEZQXEYXWUYCBCEOCIANXEYSUORVHNCXVMJDEZBMWPZHRXRNCODSZBJDTJBJVLNGNWMGMXBTOGLYXHWCDPZGJXOMSYYCOCWDSZGCKEZOMWTIWBDCVHRYYJFMOWDJNBZKWWSZIGJXOVBBGPMEDODOWXXD"
v,"GSZBAOBPSBDPYPHDSZBJDTJBJVLNGNWMGMXBTOGLYXHWCDPZGCRPKFRWPHWWSDOSAWPHPNBDJTCRP"
v,"CEVHNMZPBLSWJFPYGZFWWPIHMOWZUJDPNGQKWGOCDPIRJXJHSNDTIUXPECSWKEDCWKWVGBOXWZHKYYOWCHZFZEPNHRYYNWODSZDASXZARXTNHNBZMGCKEZQXEYXWUWPHPNBDVFNBPLINCEZRCYLOHNXOOVNZCDANWTIWBDPMCACEVHNMZPBLSWHSVLPMGVKJCOEODOOCONJIWMTGANWMZFBYCBCEOCIANXEYSUORVHNCLOHNXOVBHWPZHRXRJTCRPIOCSZIOUKDNSVLWTOWNLIGFOCLINCEDCWC"
v,"DSZBJDTJBJVLNGNWMGMVKJKOBCLMSLYXHSWNLOWXXQJFCRPMSVYGVZXPECSYBTHSVSYDGCOCJFJCEVHNMZPBLSWHSVLPMTAYXJTOSNZ"
v,"KCZQXWXZBMKEDCWPZMFNWZQOUKDMSOOCMSMDZDBYKCVUAKACAJIMZWWDCJRDMPYPHYYZHQSCYCAWZMSXPECSCYEVZVOXWSACZAHQOYVHRYYVZJCDZAKVJVBMCSVZULPKOBCPYKRDSOVNMZIQDBCZBCFZOSXPLHOSYCDHHYQOVNDZOOUWPHPNBDJTCRPIOCSZIOUKDNSVLWT"
v,"DSZBJDTJBJVLNGNWMGMVKJZGCKMGWBRECSAEWZGXP"
v,"SENDAYNZSMSYBGJXODBCOCIOUBPBIUKEDCWCAMCESOZRCRLOHQOJVFNXZOWWMZITUSNOKRDSVQC"
v,"DSZBJDTJBJVLNGNWMGMVKJMSESPRHQOBPOUSQDQJDTJBBYQDHBWPHPNBDVBMWLTHJUPYWBMTKZRXLMMJMEDCWCLBORXDOWCCXZAKOCN"
v,"DSZQXXNPFAOYOJXDPJTCGZOVRBONCAWZMSXPECSCYEVZVOXWSACZAHQOYVHRYYVZJCDZAKVJNVJVWWSAOBPWAOOACADSZSGZFGGRYYJTJXJHSVLPM"
v,"XZVQCSZIGQKWGPNLCJIPREOCLYFMHFSECFNQLMRCYOZQRCTJBBDLFSWEYYSAZLMOPBLKVBKYY"
v,"SYXOBOECSYBPNWMOYOHQOAMWVOXDBRCEZFVOXWSACZAHQODOOCONJIWMTGVNKONCOOIZQDDTQSVSYDGCBTZGSEDOWLODJTCRPXCWCEDHDDTJBJVNJIADUPRPODHSVLPMGXPECSWKEDCWKWZZNMEDCWMZHARCDDCWDSZQQKTMAJXLIRVOXWSACZAHQOMJOANZAODNTOOWN"
v,"SYNDNMEDCWKYYCCRPMDDLWDQXPQDQRKWNRNCTBBJDPYPHKNOVJFPQWXVLOSMDSZQXXDOWCEEDCWYCJHQOCVQCCTIHQOAZFOYCHOWMPJTXPQDQRKWYICSPNHQOYVHRYYVZJCDZAKVJHOHZLNGVYEDCWCQJFCRPDFRWAZOLRXZBC"
v,"KXJHRYYACASXKSJMSHSWDAMSBMCDPNNTIDJBLBFJZSHOHLPKFXZZNSMLJJBNDSDFMYCHCAOZAHQOEJHJVXZAKOCNCODSZBJDTJBJVLNGNWMGMJXONVJVWMSZETMSJMZIQDBCZBCFZOSXPLHOSYCDHHYQOVNDZOOUWPHPNBDJTCRPIOCSZIOUKDNSVLWTTXBAVGBKRZDAYGDRNNECOCKXJHRYYACADSZWVZPVQQWPIHXPECSYBPNWMOYOGQKWGPNZCJDXCPYPHKXVXXBTOMXPECSCYEVZVOXWSACZAHQOYVHRYYVZJCDZAKVJVBMKAKFXFPYPHDHJHQSCYGXBXJFNYQOVNDZOOUWPHPNBDJTCRPIOCSZIOUKDNSVLWT"
v,"KYTDNBDJBJQLDBBDHCCVKXJHRYYACA"
v,"SXKSJMSHSWDSVGKOPIDJCDZRBRLGZKODPGYOYYSMPCJANHPMQRCTIUQSDKCFOCPBCSWOVNSXKSJMSHSWDSVGKOPIOMTFYWLKEZR"
v,"KOZQRCTJBXXTHDNKNCANXENVJVWICCOIOSWNQPFCRPMHQKYMSVYGVZOBZHDDLWDQXPQDQNZCJJRNPYHQKEDHBRLGZWYEZLNWAOHQOAZFBYYDAYOLXVNNQMCVMTQWUYCXFRWTIOUVTVPRVTOM"
